Organization,Website,Domain Authority,Category,Priority,Opportunity Type,Approach Strategy,Contact Method,Notes
American College of Trust and Estate Counsel (ACTEC),https://www.actec.org/,Very High,Legal Professional Organization,Tier 1,Partnership,Standards Collaboration,Professional Outreach,Premier estate planning organization
American Bar Association - RPTE Section,https://www.americanbar.org/groups/real_property_trust_estate/,Very High,Legal Professional Organization,Tier 1,Partnership,Professional Education,Committee Participation,National bar association authority
Bitcoin Magazine,https://bitcoinmagazine.com/,Very High,Crypto Publication,Tier 1,Content Partnership,Legal Analysis Articles,Editorial Team,Premier Bitcoin publication
CoinDesk,https://www.coindesk.com/,Very High,Crypto Publication,Tier 1,Content Partnership,Regular Commentary,Legal Reporters,Leading crypto news platform
Estate Planning & Community Property Law Journal,https://epj.us/,High,Legal Publication,Tier 2,Content Partnership,Research Articles,Editorial Board,Academic legal publication
ACTEC Law Journal,https://scholarlycommons.law.hofstra.edu/acteclj/,High,Legal Publication,Tier 2,Content Partnership,Scholarly Articles,Editorial Board,ACTEC official publication
The National Law Review,https://natlawreview.com/type-law/estates-trusts,Medium-High,Legal Publication,Tier 2,Content Partnership,Regular Updates,Content Team,Legal news and analysis
Cointelegraph,https://cointelegraph.com/,High,Crypto Publication,Tier 2,Content Partnership,Educational Series,Editorial Team,Global crypto publication
The Block,https://www.theblock.co/,High,Crypto Publication,Tier 2,Content Partnership,Professional Analysis,Editorial Team,Professional crypto news
Stanford Journal of Blockchain Law & Policy,https://stanford-jblp.pubpub.org/,High,Academic Publication,Tier 2,Research Partnership,Peer-Reviewed Research,Academic Editors,Academic blockchain law journal
California State Bar - Estate Planning Section,https://www.calbar.ca.gov/,High,State Bar Association,Tier 2,Professional Partnership,State-Specific Content,Section Leadership,Largest state bar
New York State Bar Association - Trusts & Estates,https://nysba.org/committees/trusts-estates-law-section/,High,State Bar Association,Tier 2,Professional Partnership,CLE Programs,Section Leadership,Major legal market
Texas State Bar - Estate Planning Section,https://www.texasbar.com/,High,State Bar Association,Tier 2,Professional Partnership,Local Programs,Section Leadership,Large legal market
Florida Bar - Real Property Section,https://www.floridabar.org/,High,State Bar Association,Tier 2,Professional Partnership,Regional Content,Section Leadership,Growing legal market
Illinois State Bar Association,https://www.isba.org/,High,State Bar Association,Tier 2,Professional Partnership,Midwest Programs,Section Leadership,Major legal market
Canadian Bar Association - Wills & Estates,https://cba.org/sections/wills-estates-and-trusts/,High,International Bar Association,Tier 2,International Partnership,Cross-Border Content,Section Leadership,International expansion
International Bar Association,https://www.ibanet.org/,High,International Legal Organization,Tier 2,International Partnership,Global Standards,Committee Participation,Global legal authority
CryptoSlate,https://cryptoslate.com/,Medium-High,Crypto Publication,Tier 3,Content Partnership,Industry Analysis,Editorial Team,Crypto news and data
Crypto.news,https://crypto.news/,Medium-High,Crypto Publication,Tier 3,Content Partnership,Legal Updates,Editorial Team,Crypto news platform
Messari,https://messari.io/,Medium-High,Crypto Research Platform,Tier 3,Research Partnership,Industry Reports,Research Team,Crypto research and data
CryptoPanic,https://cryptopanic.com/,Medium,Crypto News Aggregator,Tier 3,Content Distribution,News Syndication,Platform Team,News aggregation platform
Stanford Law School,https://law.stanford.edu/,Very High,Academic Institution,Tier 2,Academic Partnership,Curriculum Development,Faculty,Top law school
NYU Law School,https://www.law.nyu.edu/,Very High,Academic Institution,Tier 2,Academic Partnership,Guest Lectures,Faculty,Leading law school
Georgetown Law,https://www.law.georgetown.edu/,Very High,Academic Institution,Tier 2,Academic Partnership,Research Collaboration,Faculty,Prominent law school
Harvard Law School,https://hls.harvard.edu/,Very High,Academic Institution,Tier 2,Academic Partnership,Academic Research,Faculty,Premier law school
Justia Legal Directory,https://www.justia.com/lawyers/estate-planning,Medium,Legal Directory,Tier 3,Professional Listing,Profile Optimization,Directory Team,Legal professional directory
FindLaw Directory,https://lawyers.findlaw.com/estate-planning/,Medium,Legal Directory,Tier 3,Professional Listing,Enhanced Profiles,Directory Team,Legal directory platform
Lawyers.com Directory,https://www.lawyers.com/,Medium,Legal Directory,Tier 3,Professional Listing,Professional Presence,Directory Team,Legal directory service
Martindale-Hubbell,https://www.martindale.com/,Medium,Legal Directory,Tier 3,Professional Listing,Professional Rating,Directory Team,Established legal directory
American Academy of Estate Planning Attorneys,https://aaepa.com/,Medium,Professional Organization,Tier 3,Professional Partnership,Member Resources,Organization Leadership,Estate planning professional group
CLE International,https://www.cle.com/,Medium,CLE Provider,Tier 3,Educational Partnership,Course Development,Education Team,CLE course provider
Strafford Publications,https://www.straffordpub.com/,Medium,CLE Provider,Tier 3,Educational Partnership,CLE Programs,Education Team,Professional education provider
ALI CLE,https://www.ali-cle.org/,Medium,CLE Provider,Tier 3,Educational Partnership,Course Materials,Education Team,American Law Institute CLE
Unchained Capital,https://www.unchained.com/,Medium,Bitcoin Custody Provider,Tier 3,Technology Partnership,Integration Standards,Business Development,Bitcoin custody services
Casa,https://casa.io/,Medium,Bitcoin Custody Provider,Tier 3,Technology Partnership,Certified Integration,Business Development,Consumer Bitcoin custody
BitGo,https://www.bitgo.com/,Medium,Institutional Custody,Tier 3,Technology Partnership,Professional Standards,Business Development,Institutional Bitcoin custody
Coinbase Custody,https://custody.coinbase.com/,Medium,Institutional Custody,Tier 3,Technology Partnership,Professional Integration,Business Development,Major custody provider
Fidelity Digital Assets,https://www.fidelitydigitalassets.com/,High,Financial Services,Tier 2,Professional Partnership,Institutional Standards,Business Development,Major financial institution
Grayscale Investments,https://grayscale.com/,Medium,Investment Management,Tier 3,Professional Partnership,Investment Standards,Business Development,Digital asset investment
Wealth Counsel,https://www.wealthcounsel.com/,Medium,Estate Planning Software,Tier 3,Technology Partnership,Software Integration,Business Development,Estate planning technology
WealthDocx,https://www.wealthdocx.com/,Medium,Estate Planning Software,Tier 3,Technology Partnership,Document Integration,Business Development,Estate planning documents
Estate Planning Software,https://www.estateplanningsoftware.com/,Medium,Estate Planning Technology,Tier 3,Technology Partnership,Platform Integration,Business Development,Estate planning platform
LawPay,https://lawpay.com/,Medium,Legal Technology,Tier 3,Technology Partnership,Payment Integration,Business Development,Legal payment processing
Clio,https://www.clio.com/,Medium,Legal Practice Management,Tier 3,Technology Partnership,Practice Integration,Business Development,Legal practice software
MyCase,https://www.mycase.com/,Medium,Legal Practice Management,Tier 3,Technology Partnership,Case Management,Business Development,Legal case management
PracticePanther,https://www.practicepanther.com/,Medium,Legal Practice Management,Tier 3,Technology Partnership,Practice Tools,Business Development,Legal practice management
Thomson Reuters Westlaw,https://legal.thomsonreuters.com/,Very High,Legal Research Platform,Tier 2,Content Partnership,Legal Research,Content Team,Premier legal research
LexisNexis,https://www.lexisnexis.com/,Very High,Legal Research Platform,Tier 2,Content Partnership,Legal Content,Content Team,Major legal research platform
Bloomberg Law,https://pro.bloomberglaw.com/,High,Legal Research Platform,Tier 2,Content Partnership,Legal Analysis,Content Team,Professional legal platform

