Content Title,Content Type,Priority,Target Keywords,Word Count,Timeline,Content Pillar,Target Audience,Distribution Channel,Success Metrics
Complete Guide to KEEP Protocol Implementation,Pillar Page,High,KEEP Protocol Bitcoin estate planning,5000+,Month 1,Professional Standards Authority,Estate Planning Attorneys,Website + PDF Download,Organic traffic + Downloads
Bitcoin Estate Planning Professional Certification Guide,Certification Overview,High,Bitcoin estate planning certification,3000+,Month 1,Professional Standards Authority,Legal Professionals,Certification Section,Certification inquiries
Attorney's Guide to Bitcoin Inheritance Standards,Professional Guide,High,Bitcoin inheritance standards for attorneys,4000+,Month 2,Professional Standards Authority,Estate Planning Attorneys,Professional Resources,Professional engagement
Bitcoin Estate Planning CLE Course Curriculum,Course Materials,High,Bitcoin estate planning CLE,6000+,Month 2,Educational Leadership,Legal Professionals,Education Section + Video,Course enrollment
KEEP Protocol vs Traditional Estate Planning Methods,Comparison Guide,High,KEEP Protocol benefits,3500+,Month 2,Professional Standards Authority,Legal Professionals,Educational Hub,Content engagement
State-by-State Bitcoin Estate Planning Regulations,Regulatory Database,Medium,Bitcoin estate planning laws by state,8000+,Month 4,Regulatory Compliance Hub,Legal Professionals,Interactive Resource,Database usage
Bitcoin Dynasty Trust Implementation Guide,Implementation Guide,Medium,Bitcoin dynasty trust setup,4500+,Month 4,Technical Integration Authority,High Net Worth Attorneys,Advanced Resources,Implementation requests
Multisig Bitcoin Inheritance Planning,Technical Guide,Medium,Bitcoin multisig inheritance,3500+,Month 5,Technical Integration Authority,Technical Professionals,Technical Resources,Technical adoption
Bitcoin Estate Planning Ethics and Compliance,Ethics Guidelines,Medium,Bitcoin estate planning ethics,3000+,Month 5,Regulatory Compliance Hub,Legal Professionals,Professional Standards,Ethics compliance
Emergency Bitcoin Inheritance Procedures,Protocol Documentation,Medium,Bitcoin inheritance emergency access,2500+,Month 6,Technical Integration Authority,Legal Professionals,Crisis Management,Emergency preparedness
Annual State of Bitcoin Inheritance Planning Report,Industry Report,Low,Bitcoin inheritance planning trends,10000+,Month 12,Educational Leadership,Industry Professionals,Research Hub,Industry recognition
Bitcoin Estate Planning Case Study Library,Case Studies,Low,Bitcoin estate planning examples,5000+,Month 8,Educational Leadership,Legal Professionals,Learning Center,Professional learning
Complete Bitcoin Estate Planning Toolkit,Resource Library,Low,Bitcoin estate planning tools,7000+,Month 10,Professional Standards Authority,Legal Professionals,Professional Toolkit,Tool adoption
Bitcoin Estate Planning Best Practices Framework,Best Practices Guide,High,Bitcoin estate planning best practices,4000+,Month 3,Professional Standards Authority,Legal Professionals,Standards Section,Standards adoption
Cryptocurrency Estate Planning Attorney Training Program,Training Materials,High,Cryptocurrency estate planning attorney training,5000+,Month 3,Educational Leadership,Legal Professionals,Training Platform,Training enrollment
Digital Asset Estate Planning Education Curriculum,Educational Content,Medium,Digital asset estate planning education,4500+,Month 4,Educational Leadership,Legal Professionals,Education Hub,Educational engagement
Bitcoin Inheritance Professional Standards Framework,Standards Documentation,High,Bitcoin inheritance professional standards,6000+,Month 1,Professional Standards Authority,Legal Professionals,Standards Section,Professional adoption
KEEP Protocol Training Materials,Training Content,High,KEEP Protocol training,3500+,Month 2,Professional Standards Authority,Legal Professionals,Training Section,Training completion
Bitcoin Estate Planning Technology Integration Guide,Technology Guide,Medium,Bitcoin estate planning technology,3000+,Month 5,Technical Integration Authority,Legal Professionals,Technology Resources,Technology adoption
Cryptocurrency Technical Estate Planning Manual,Technical Manual,Medium,Cryptocurrency technical estate planning,4000+,Month 6,Technical Integration Authority,Technical Professionals,Technical Documentation,Technical implementation
Bitcoin Inheritance Implementation Checklist,Implementation Tool,High,Bitcoin inheritance implementation,2000+,Month 3,Technical Integration Authority,Legal Professionals,Professional Tools,Tool usage
Digital Asset Security Protocols for Estate Planning,Security Guide,Medium,Digital asset security protocols,3500+,Month 6,Technical Integration Authority,Technical Professionals,Security Resources,Security adoption
Bitcoin Estate Planning Regulations Compliance Guide,Compliance Guide,Medium,Bitcoin estate planning regulations,4000+,Month 4,Regulatory Compliance Hub,Legal Professionals,Compliance Resources,Compliance adoption
Cryptocurrency Inheritance Compliance Framework,Compliance Framework,Medium,Cryptocurrency inheritance compliance,3500+,Month 5,Regulatory Compliance Hub,Legal Professionals,Compliance Section,Framework adoption
Bitcoin Estate Planning Professional Development Program,Professional Development,Medium,Bitcoin estate planning professional development,5000+,Month 7,Educational Leadership,Legal Professionals,Professional Development,Program enrollment
Cryptocurrency Estate Planning Continuing Education,Continuing Education,Medium,Cryptocurrency estate planning continuing education,4500+,Month 7,Educational Leadership,Legal Professionals,CLE Platform,Education completion
Bitcoin Inheritance Planning Risk Assessment Tool,Assessment Tool,Medium,Bitcoin inheritance planning risk assessment,2500+,Month 8,Technical Integration Authority,Legal Professionals,Professional Tools,Assessment usage
Digital Asset Estate Planning Risk Management Guide,Risk Management Guide,Medium,Digital asset estate planning risk management,3500+,Month 8,Regulatory Compliance Hub,Legal Professionals,Risk Management,Risk mitigation
Bitcoin Estate Planning Client Education Materials,Client Education,Medium,Bitcoin estate planning client education,3000+,Month 9,Educational Leadership,Legal Professionals,Client Resources,Client engagement
Cryptocurrency Inheritance Client Communication Templates,Communication Templates,Medium,Cryptocurrency inheritance client communication,2000+,Month 9,Professional Standards Authority,Legal Professionals,Professional Tools,Template usage
Bitcoin Dynasty Trust Legal Framework Analysis,Legal Analysis,Medium,Bitcoin dynasty trust legal framework,4000+,Month 10,Regulatory Compliance Hub,Legal Professionals,Legal Analysis,Legal adoption
Cryptocurrency Trust Planning Professional Guide,Professional Guide,Medium,Cryptocurrency trust planning professional,3500+,Month 10,Professional Standards Authority,Legal Professionals,Professional Resources,Professional guidance
Bitcoin Estate Planning Malpractice Prevention Guide,Malpractice Prevention,Medium,Bitcoin estate planning malpractice prevention,3000+,Month 11,Regulatory Compliance Hub,Legal Professionals,Risk Management,Risk prevention
Digital Asset Estate Planning Professional Liability,Professional Liability,Medium,Digital asset estate planning professional liability,3500+,Month 11,Regulatory Compliance Hub,Legal Professionals,Professional Protection,Liability protection
Bitcoin Inheritance Tax Planning Strategies,Tax Planning Guide,Medium,Bitcoin inheritance tax planning,4000+,Month 12,Regulatory Compliance Hub,Tax Professionals,Tax Resources,Tax optimization
Cryptocurrency Estate Planning Tax Compliance,Tax Compliance Guide,Medium,Cryptocurrency estate planning tax compliance,3500+,Month 12,Regulatory Compliance Hub,Tax Professionals,Tax Compliance,Tax adherence

