Keyword,Category,Priority,Competition,Search Intent,Opportunity Level,Target Audience,Content Type,Notes
Bitcoin estate planning certification,Professional Standards,High,Low,Commercial,Very High,Estate Planning Attorneys,Certification Page,No current authority exists
KEEP Protocol implementation,Branded Terms,High,None,Informational,Very High,Legal Professionals,Implementation Guide,Branded opportunity
Professional Bitcoin inheritance standards,Professional Standards,High,Low,Informational,Very High,Legal Professionals,Standards Documentation,Gap in market
Bitcoin estate planning CLE,Education,High,Low,Commercial,High,Attorneys,Course Materials,Limited current offerings
Certified Bitcoin estate planner,Professional Standards,High,None,Commercial,Very High,Legal Professionals,Certification Program,Uncontested term
Bitcoin inheritance standards for attorneys,Professional Standards,Medium,Low,Informational,High,Estate Planning Attorneys,Professional Guide,Specific professional focus
Bitcoin estate planning best practices,Professional Standards,Medium,Medium,Informational,High,Legal Professionals,Best Practices Guide,Some competition exists
Bitcoin multisig inheritance,Technical Implementation,Medium,Medium,Informational,Medium,Technical Professionals,Technical Guide,Technical focus needed
Cryptocurrency estate planning attorney training,Education,Medium,Low,Commercial,High,Legal Professionals,Training Program,Basic coverage exists
Bitcoin dynasty trust setup,Legal Framework,Medium,Medium,Commercial,High,High Net Worth Attorneys,Implementation Guide,Specialized opportunity
Digital asset estate planning education,Education,Medium,Medium,Informational,Medium,Legal Professionals,Educational Content,Fragmented content
Bitcoin inheritance professional standards,Professional Standards,Medium,Low,Informational,High,Legal Professionals,Standards Framework,Professional angle missing
KEEP Protocol training,Branded Terms,Medium,None,Commercial,Very High,Legal Professionals,Training Materials,Branded opportunity
Bitcoin estate planning technology,Technical Implementation,Medium,Medium,Informational,Medium,Legal Professionals,Technology Guide,Legal perspective needed
Cryptocurrency technical estate planning,Technical Implementation,Medium,Medium,Informational,Medium,Technical Professionals,Technical Guide,Integration gap exists
Bitcoin inheritance implementation,Technical Implementation,Medium,Medium,Informational,Medium,Legal Professionals,Implementation Guide,Practical guidance lacking
Digital asset security protocols,Technical Implementation,Medium,High,Informational,Medium,Technical Professionals,Security Guide,Professional angle missing
Bitcoin estate planning ethics,Regulatory Compliance,Medium,Low,Informational,High,Legal Professionals,Ethics Guidelines,Limited coverage
Bitcoin estate planning regulations,Regulatory Compliance,Medium,Medium,Informational,Medium,Legal Professionals,Regulatory Guide,Scattered guidance
Cryptocurrency inheritance compliance,Regulatory Compliance,Medium,Medium,Informational,Medium,Legal Professionals,Compliance Guide,Inconsistent guidance
Bitcoin trust lawyer,Legal Framework,Low,High,Commercial,Low,High Net Worth Individuals,Service Pages,Established competition
Crypto estate attorney,Legal Framework,Low,High,Commercial,Low,High Net Worth Individuals,Service Pages,Competitive landscape
Digital asset estate planning,Legal Framework,Low,High,Informational,Low,General Audience,Educational Content,Broad competition
Bitcoin inheritance planning,Legal Framework,Low,High,Informational,Medium,General Audience,Educational Content,Moderate competition
Cryptocurrency estate planning,Legal Framework,Low,High,Informational,Medium,General Audience,Educational Content,Moderate competition
Bitcoin estate planning lawyer,Legal Framework,Low,High,Commercial,Low,High Net Worth Individuals,Service Pages,High competition
Cryptocurrency inheritance lawyer,Legal Framework,Low,High,Commercial,Low,High Net Worth Individuals,Service Pages,High competition
Digital asset inheritance planning,Legal Framework,Low,High,Informational,Medium,General Audience,Educational Content,Broad competition
Bitcoin will planning,Legal Framework,Medium,Medium,Informational,Medium,General Audience,Educational Content,Basic coverage
Cryptocurrency will planning,Legal Framework,Medium,Medium,Informational,Medium,General Audience,Educational Content,Basic coverage
Bitcoin trust planning,Legal Framework,Medium,High,Commercial,Medium,High Net Worth Individuals,Trust Services,Competitive
Cryptocurrency trust planning,Legal Framework,Medium,High,Commercial,Medium,High Net Worth Individuals,Trust Services,Competitive
Bitcoin inheritance tax planning,Legal Framework,Medium,Medium,Informational,Medium,Tax Professionals,Tax Guide,Specialized focus
Cryptocurrency inheritance tax,Legal Framework,Medium,Medium,Informational,Medium,Tax Professionals,Tax Guide,Specialized focus
Bitcoin estate planning checklist,Professional Tools,High,Low,Informational,High,Legal Professionals,Checklist Tool,Practical tool opportunity
Cryptocurrency estate planning checklist,Professional Tools,High,Low,Informational,High,Legal Professionals,Checklist Tool,Practical tool opportunity
Bitcoin inheritance checklist,Professional Tools,High,Low,Informational,High,General Audience,Checklist Tool,Practical tool opportunity
Digital asset estate planning checklist,Professional Tools,High,Low,Informational,High,Legal Professionals,Checklist Tool,Practical tool opportunity
Bitcoin estate planning template,Professional Tools,Medium,Medium,Commercial,Medium,Legal Professionals,Template Library,Some competition
Cryptocurrency estate planning template,Professional Tools,Medium,Medium,Commercial,Medium,Legal Professionals,Template Library,Some competition
Bitcoin inheritance template,Professional Tools,Medium,Medium,Commercial,Medium,Legal Professionals,Template Library,Some competition
Bitcoin estate planning guide,Educational Content,Medium,Medium,Informational,Medium,General Audience,Educational Guide,Moderate competition
Cryptocurrency estate planning guide,Educational Content,Medium,Medium,Informational,Medium,General Audience,Educational Guide,Moderate competition
Bitcoin inheritance guide,Educational Content,Medium,Medium,Informational,Medium,General Audience,Educational Guide,Moderate competition
Digital asset inheritance guide,Educational Content,Medium,Medium,Informational,Medium,General Audience,Educational Guide,Moderate competition
Bitcoin estate planning course,Education,High,Low,Commercial,High,Legal Professionals,Course Materials,Limited offerings
Cryptocurrency estate planning course,Education,High,Low,Commercial,High,Legal Professionals,Course Materials,Limited offerings
Bitcoin inheritance course,Education,High,Low,Commercial,High,Legal Professionals,Course Materials,Limited offerings
Digital asset estate planning course,Education,High,Low,Commercial,High,Legal Professionals,Course Materials,Limited offerings
Bitcoin estate planning webinar,Education,Medium,Low,Commercial,High,Legal Professionals,Webinar Series,Good opportunity
Cryptocurrency estate planning webinar,Education,Medium,Low,Commercial,High,Legal Professionals,Webinar Series,Good opportunity
Bitcoin inheritance webinar,Education,Medium,Low,Commercial,High,Legal Professionals,Webinar Series,Good opportunity
Bitcoin estate planning conference,Education,Medium,Low,Commercial,High,Legal Professionals,Conference Content,Event opportunity
Cryptocurrency estate planning conference,Education,Medium,Low,Commercial,High,Legal Professionals,Conference Content,Event opportunity

